scale,traffic,algorithm,seed,stops,nodes,edges,iterations,best_cost_s,distance_m,vehicles_used,feasible,elapsed_s,improvement_events,first_cost_s
small,free-flow,qpso,0,12,49,168,28,537.8399999999999,5130.0,2,True,0.2433529180016194,29,686.8799999999999
small,free-flow,qpso,1,12,49,168,28,518.4,4860.0,2,True,0.16622460399958072,29,751.6800000000001
small,free-flow,qgpso,0,12,49,168,28,602.6399999999999,5670.0,2,True,0.1633686770001077,29,686.8799999999999
small,free-flow,qgpso,1,12,49,168,28,550.8,5130.0,2,True,0.15212577100101043,29,751.6800000000001
small,free-flow,pso,0,12,49,168,28,654.48,6210.0,2,True,0.1545152959988627,29,686.8799999999999
small,free-flow,pso,1,12,49,168,28,583.1999999999999,5400.0,2,True,0.15251495700067608,29,751.6800000000001
small,free-flow,ga,0,12,49,168,28,570.2399999999999,5400.0,2,True,0.15717543099890463,29,686.8799999999999
small,free-flow,ga,1,12,49,168,28,635.04,5940.0,2,True,0.14660044799893512,29,751.6800000000001
small,free-flow,aco,0,12,49,168,28,453.5999999999999,4320.0,2,True,0.18234976999883656,29,686.8799999999999
small,free-flow,aco,1,12,49,168,28,453.5999999999999,4320.0,2,True,0.18160639599955175,29,751.6800000000001
small,rush-hour,qpso,0,12,49,168,28,1068.2279999999998,5670.0,3,True,0.13820970699816826,29,1216.2959999999998
small,rush-hour,qpso,1,12,49,168,28,980.0999999999998,5130.0,2,True,0.138006820998271,29,1336.176
small,rush-hour,qgpso,0,12,49,168,28,1068.228,5670.0,2,True,0.14097137000135262,29,1216.2959999999998
small,rush-hour,qgpso,1,12,49,168,28,980.0999999999999,5130.0,2,True,0.14007213700097054,29,1336.176
small,rush-hour,pso,0,12,49,168,28,1156.3559999999998,6210.0,2,True,0.14220988899978693,29,1216.2959999999998
small,rush-hour,pso,1,12,49,168,28,888.4079999999999,4860.0,2,True,0.14814438599933055,29,1336.176
small,rush-hour,ga,0,12,49,168,28,1156.3559999999998,6210.0,2,True,0.1562673780026671,29,1216.2959999999998
small,rush-hour,ga,1,12,49,168,28,980.0999999999999,5130.0,2,True,0.15629684300074587,29,1336.176
small,rush-hour,aco,0,12,49,168,28,800.28,4320.0,2,True,0.19472213400149485,29,1216.2959999999998
small,rush-hour,aco,1,12,49,168,28,800.2799999999999,4320.0,2,True,0.205515674999333,29,1336.176
medium,free-flow,qpso,0,20,81,288,32,1334.8799999999999,12420.0,4,True,0.3705204819998471,33,1470.96
medium,free-flow,qpso,1,20,81,288,32,1224.7199999999998,11070.0,3,True,0.36229328099943814,33,1600.5599999999997
medium,free-flow,qgpso,0,20,81,288,32,1283.04,11880.0,4,True,0.3775992730006692,33,1470.96
medium,free-flow,qgpso,1,20,81,288,32,1237.6799999999998,11610.0,3,True,0.3276236349993269,33,1600.5599999999997
medium,free-flow,pso,0,20,81,288,32,1172.88,11070.0,4,True,0.3223092669977632,33,1470.96
medium,free-flow,pso,1,20,81,288,32,1218.2399999999998,11340.0,4,True,0.33266403000016,33,1600.5599999999997
medium,free-flow,ga,0,20,81,288,32,1088.6399999999999,10260.0,4,True,0.3488890659973549,33,1470.96
medium,free-flow,ga,1,20,81,288,32,1088.6399999999999,10260.0,4,True,0.33853326099779224,33,1600.5599999999997
medium,free-flow,aco,0,20,81,288,32,874.8,8370.0,3,True,0.4417451660010556,33,1470.96
medium,free-flow,aco,1,20,81,288,32,900.7199999999999,8370.0,4,True,0.43224303500028327,33,1600.5599999999997
medium,rush-hour,qpso,0,20,81,288,32,2080.08,10800.0,4,True,0.3359319379997032,33,2612.412
medium,rush-hour,qpso,1,20,81,288,32,2203.5239999999994,11070.0,3,True,0.3347233080021397,33,2852.1719999999996
medium,rush-hour,qgpso,0,20,81,288,32,2076.5159999999996,11070.0,3,True,0.34645803999956115,33,2612.412
medium,rush-hour,qgpso,1,20,81,288,32,2196.3959999999997,11610.0,3,True,0.33022642899959465,33,2852.1719999999996
medium,rush-hour,pso,0,20,81,288,32,2136.4559999999997,11340.0,4,True,0.3317221389988845,33,2612.412
medium,rush-hour,pso,1,20,81,288,32,2288.0879999999997,11880.0,4,True,0.3635649919997377,33,2852.1719999999996
medium,rush-hour,ga,0,20,81,288,32,1960.1999999999998,10260.0,4,True,0.39872876800291124,33,2612.412
medium,rush-hour,ga,1,20,81,288,32,1808.568,9720.0,4,True,0.4108002379980462,33,2852.1719999999996
medium,rush-hour,aco,0,20,81,288,32,1572.3719999999998,8370.0,3,True,0.49424318200181006,33,2612.412
medium,rush-hour,aco,1,20,81,288,32,1604.1239999999998,8370.0,3,True,0.4656011650004075,33,2852.1719999999996
large,free-flow,qpso,0,28,121,440,36,1775.52,16740.0,6,True,0.9244772070014733,37,2177.2799999999997
large,free-flow,qpso,1,28,121,440,36,1820.8799999999999,17010.0,5,True,0.875127795003209,37,2410.56
large,free-flow,qgpso,0,28,121,440,36,1872.72,17550.0,5,True,0.8189448650009581,37,2177.2799999999997
large,free-flow,qgpso,1,28,121,440,36,1730.1599999999999,16470.0,6,True,0.8764829610008746,37,2410.56
large,free-flow,pso,0,28,121,440,36,1529.2799999999997,14580.0,5,True,0.8210302240004239,37,2177.2799999999997
large,free-flow,pso,1,28,121,440,36,1872.72,17550.0,6,True,0.8495963679997658,37,2410.56
large,free-flow,ga,0,28,121,440,36,1756.08,16470.0,6,True,0.9246143319978728,37,2177.2799999999997
large,free-flow,ga,1,28,121,440,36,1697.7599999999998,16200.0,5,True,0.8717017480012146,37,2410.56
large,free-flow,aco,0,28,121,440,36,1211.76,11610.0,5,True,1.0730550740008766,37,2177.2799999999997
large,free-flow,aco,1,28,121,440,36,1192.32,11340.0,5,True,1.159274944999197,37,2410.56
large,rush-hour,qpso,0,28,121,440,36,3148.3079999999995,16470.0,6,True,0.997571757001424,37,3856.8959999999997
large,rush-hour,qpso,1,28,121,440,36,3261.0599999999995,17550.0,5,True,1.0232116209990636,37,4272.911999999999
large,rush-hour,qgpso,0,28,121,440,36,3229.308,17550.0,6,True,0.9946642000031716,37,3856.8959999999997
large,rush-hour,qgpso,1,28,121,440,36,3204.6839999999997,17010.0,5,True,0.9194990399992093,37,4272.911999999999
large,rush-hour,pso,0,28,121,440,36,2756.9159999999997,14850.0,6,True,0.9001380859990604,37,3856.8959999999997
large,rush-hour,pso,1,28,121,440,36,3257.4959999999996,17820.0,6,True,0.938125079999736,37,4272.911999999999
large,rush-hour,ga,0,28,121,440,36,3084.8039999999996,16470.0,6,True,0.8977304410000215,37,3856.8959999999997
large,rush-hour,ga,1,28,121,440,36,2693.412,14850.0,5,True,0.9277241780000622,37,4272.911999999999
large,rush-hour,aco,0,28,121,440,36,2161.08,11880.0,5,True,1.1057543009992514,37,3856.8959999999997
large,rush-hour,aco,1,28,121,440,36,2104.7039999999997,11340.0,5,True,1.1082340079992719,37,4272.911999999999
