scale,traffic,algorithm,runs,feasible_rate,median_cost_s,mean_cost_s,mean_elapsed_s,mean_vehicles
large,free-flow,aco,2,1.0,1202.04,1202.04,1.1161650095000368,5.0
large,free-flow,ga,2,1.0,1726.9199999999998,1726.9199999999998,0.8981580399995437,5.5
large,free-flow,pso,2,1.0,1701.0,1701.0,0.8353132960000949,5.5
large,free-flow,qgpso,2,1.0,1801.44,1801.44,0.8477139130009164,5.5
large,free-flow,qpso,2,1.0,1798.1999999999998,1798.1999999999998,0.8998025010023412,5.5
large,rush-hour,aco,2,1.0,2132.892,2132.892,1.1069941544992616,5.0
large,rush-hour,ga,2,1.0,2889.1079999999997,2889.1079999999997,0.9127273095000419,5.5
large,rush-hour,pso,2,1.0,3007.2059999999997,3007.2059999999997,0.9191315829993982,6.0
large,rush-hour,qgpso,2,1.0,3216.996,3216.996,0.9570816200011905,5.5
large,rush-hour,qpso,2,1.0,3204.6839999999993,3204.6839999999993,1.0103916890002438,5.5
medium,free-flow,aco,2,1.0,887.76,887.76,0.43699410050066945,3.5
medium,free-flow,ga,2,1.0,1088.6399999999999,1088.6399999999999,0.3437111634975736,4.0
medium,free-flow,pso,2,1.0,1195.56,1195.56,0.3274866484989616,4.0
medium,free-flow,qgpso,2,1.0,1260.36,1260.36,0.35261145399999805,3.5
medium,free-flow,qpso,2,1.0,1279.7999999999997,1279.7999999999997,0.3664068814996426,3.5
medium,rush-hour,aco,2,1.0,1588.2479999999998,1588.2479999999998,0.4799221735011088,3.0
medium,rush-hour,ga,2,1.0,1884.384,1884.384,0.4047645030004787,4.0
medium,rush-hour,pso,2,1.0,2212.272,2212.272,0.3476435654993111,4.0
medium,rush-hour,qgpso,2,1.0,2136.4559999999997,2136.4559999999997,0.3383422344995779,3.0
medium,rush-hour,qpso,2,1.0,2141.8019999999997,2141.8019999999997,0.33532762300092145,3.5
small,free-flow,aco,2,1.0,453.5999999999999,453.5999999999999,0.18197808299919416,2.0
small,free-flow,ga,2,1.0,602.6399999999999,602.6399999999999,0.15188793949891988,2.0
small,free-flow,pso,2,1.0,618.8399999999999,618.8399999999999,0.1535151264997694,2.0
small,free-flow,qgpso,2,1.0,576.7199999999999,576.7199999999999,0.15774722400055907,2.0
small,free-flow,qpso,2,1.0,528.1199999999999,528.1199999999999,0.20478876100060006,2.0
small,rush-hour,aco,2,1.0,800.28,800.28,0.20011890450041392,2.0
small,rush-hour,ga,2,1.0,1068.2279999999998,1068.2279999999998,0.15628211050170648,2.0
small,rush-hour,pso,2,1.0,1022.3819999999998,1022.3819999999998,0.14517713749955874,2.0
small,rush-hour,qgpso,2,1.0,1024.164,1024.164,0.14052175350116158,2.0
small,rush-hour,qpso,2,1.0,1024.1639999999998,1024.1639999999998,0.13810826399821963,2.5
